Theories,SU2nf4,SU9s2A2F16nf0,SU10s2A2F16nf1,SU4a3A3nf1,SU5s1a1A2F8nf1,SU5s1a1A2F8nf0,Sp2s1a2nf0,Sp2s2a1nf1,Sp2s1a2nf1,Sp3a3nf1,SU6s1a1A2F8nf1,SO12s2nf1,SU2adj2nf1,SU5a3A3nf0,SU5s1S1a2A2nf1,SU7a2A2nf1,SU2adj1nf2,SU5s1S1a1A1nf1,SO5nf5,Sp2s2nf1,SU4s1S1a2A2nf1,SU2adj1nf3,Sp2adj1nf1,SU6s2S2nf1,Sp5a3nf1,Sp4a3nf0,SO5adj1nf2,SU3adj1nf4,SU3adj1nf3,SU3adj2nf2,Sp4s1a1nf1,SU3nf6,Sp2s1a1nf2,SU4adj2a1A1nf0,SU5adj1a2A2nf1,SU3adj1nf2,SU7s1S2a1f8nf0,Sp2adj1a2nf4,Sp2adj2nf2,SU4adj1a2A2nf1,SU6adj1s1A1F8nf1,SU5adj1s1A1F8nf0,SU4adj2a1A1nf1,SU8s1S2a1f8nf1
SU2nf4,0.0,0.0,0.0,0.0075000000000000075,0.006666666666666682,0.002499999999999991,0.0,0.0,0.0,0.0,0.0,0.0,0.0,0.0,0.0,0.0,0.0,0.0,0.0,0.0,0.0,0.0,0.0,0.0,0.0,0.0,0.0,0.0,0.0,0.0,0.0,0.017559422921421246,0.0,0.0,0.0,0.0,0.023935677693908454,0.0580289678618456,0.0,0.0,0.014813657362192645,0.01003466214899359,0.0,0.03231786571610886
SU9s2A2F16nf0,0.0,0.0,0.015456030825826169,0.00916666666666667,0.0,0.0,0.0,0.0,0.0,0.005000000000000016,0.0,0.0,0.0,0.0,0.0,0.0075000000000000075,0.0,0.0,0.043628800375694735,0.0,0.006666666666666687,0.0,0.0,0.0,0.0,0.0,0.0,0.0,0.0,0.0,0.0,0.017559422921421246,0.0,0.0,0.0,0.0,0.025617376914899008,0.025887040945015125,0.0,0.0,0.0,0.02838231060987734,0.0,0.021164041832000487
SU10s2A2F16nf1,0.0,0.015456030825826169,0.0,0.007637626158259741,0.0,0.0033333333333333214,0.0,0.0,0.0,0.0,0.008539125638299679,0.0,0.002499999999999991,0.0033333333333333214,0.0,0.0075000000000000075,0.0,0.002499999999999991,0.0,0.0,0.006666666666666687,0.0033333333333333214,0.0,0.005000000000000016,0.0,0.0,0.0,0.005000000000000016,0.0,0.0,0.0,0.017969882210706535,0.0,0.0,0.0,0.0,0.030287969742310416,0.026562295750848713,0.0,0.0,0.013944333775567922,0.027131367660166182,0.0,0.10782251362514436
SU4a3A3nf1,0.0075000000000000075,0.00916666666666667,0.007637626158259741,0.0,0.00527046276694728,0.011211353372561413,0.007637626158259741,0.007637626158259741,0.008539125638299666,0.016749792701868133,0.01017212967977807,0.008539125638299666,0.007637626158259741,0.016158932858054434,0.01178511301977579,0.015456030825826169,0.011211353372561413,0.008539125638299666,0.012801909579781003,0.007637626158259741,0.007637626158259741,0.007637626158259741,0.008539125638299666,0.008539125638299666,0.01600781059358213,0.01929306150465038,0.008539125638299666,0.018181186857726187,0.011055415967851317,0.008539125638299666,0.008539125638299666,0.02211083193570267,0.009718253158075485,0.008539125638299666,0.018276426832884426,0.008374896350934084,0.0167705098312484,0.06034622330077223,0.007637626158259741,0.01017212967977807,0.015478479684172269,0.010671873729054746,0.008539125638299666,0.05374838498865701
SU5s1a1A2F8nf1,0.006666666666666682,0.0,0.0,0.00527046276694728,0.0,0.02212653007891956,0.0065085413965888924,0.006922186552431742,0.00745355992499931,0.009279607271383382,0.033176715395657294,0.012388390622765425,0.010833333333333334,0.01040832999733067,0.013667682889047275,0.010573814617041275,0.006236095644623253,0.010833333333333342,0.008333333333333349,0.011055415967851343,0.015723301886761017,0.014337208778404395,0.008498365855987986,0.010833333333333342,0.008539125638299679,0.00849836585598799,0.010000000000000009,0.0066666666666666905,0.008539125638299679,0.014813657362192645,0.01057381461704126,0.017559422921421246,0.015275252316519477,0.007264831572567807,0.01455354099714416,0.008539125638299679,0.020682789409984758,0.0566421515598881,0.015898986690282436,0.008539125638299679,0.03800584750330461,0.0683180877301986,0.011055415967851335,0.041028445416970566
SU5s1a1A2F8nf0,0.002499999999999991,0.0,0.0033333333333333214,0.011211353372561413,0.02212653007891956,0.0,0.002499999999999991,0.005335936864527384,0.005335936864527384,0.012360330811826106,0.03316624790355399,0.004082482904638616,0.002499999999999991,0.027888667551135858,0.006922186552431733,0.025289984842489167,0.008498365855987986,0.0058333333333333475,0.006922186552431733,0.005527707983925673,0.011666666666666676,0.009166666666666684,0.002499999999999991,0.006666666666666682,0.020564937798755102,0.006922186552431741,0.0065085413965888924,0.018047006523089756,0.013540064007726598,0.0055901699437494795,0.008164965809277279,0.017559422921421246,0.008498365855987995,0.007637626158259736,0.023584952830141493,0.008333333333333349,0.02539958442354696,0.052678268764263715,0.013333333333333336,0.02334820954353651,0.03338537604001688,0.04479118216792231,0.007861650943380519,0.05294126724756199
Sp2s1a2nf0,0.0,0.0,0.0,0.007637626158259741,0.0065085413965888924,0.002499999999999991,0.0,0.029825883613622123,0.10308100913574936,0.008333333333333349,0.011211353372561433,0.0076829537144107425,0.0280004960273524,0.012909944487358053,0.03167762968124702,0.01699673171197596,0.026140645235596848,0.0033333333333333214,0.02527625148017184,0.01181453906563152,0.020155644370746375,0.025055493963954838,0.025671536334582263,0.005335936864527384,0.0,0.017400510848184256,0.01892969448600091,0.014930394055974107,0.026299556396765806,0.010671873729054752,0.010172129679778086,0.017559422921421246,0.0172602626476733,0.026990224567836087,0.013540064007726605,0.04437842318564781,0.03370624736026114,0.031180478223116186,0.017179606773406925,0.04643543905251677,0.0213437474581095,0.019166666666666683,0.02114762923408254,0.06521332515504617
Sp2s2a1nf1,0.0,0.0,0.0,0.007637626158259741,0.006922186552431742,0.005335936864527384,0.029825883613622123,0.0,0.042532667183916156,0.00745355992499931,0.011785113019775797,0.006236095644623249,0.03709035514044648,0.005335936864527384,0.02273030282830977,0.05530220007679018,0.01674979270186816,0.01261062162535129,0.028975564417856176,0.028185890875479604,0.00849836585598798,0.025873624493766696,0.026666666666666658,0.010408329997330667,0.0,0.007453559924999309,0.006922186552431734,0.011814539065631522,0.009464847243000465,0.0931844049899624,0.02206367049145622,0.017559422921421246,0.030057814661452385,0.03535533905932737,0.009166666666666674,0.03492054473292827,0.041965594373380564,0.030607279453678273,0.08351646544245032,0.03652434500135188,0.028577380332470412,0.03465103814381966,0.09926465746791362,0.08890147480341495
Sp2s1a2nf1,0.0,0.0,0.0,0.008539125638299666,0.00745355992499931,0.005335936864527384,0.10308100913574936,0.042532667183916156,0.0,0.00745355992499931,0.020344259359556173,0.0062360956446232485,0.01600781059358213,0.01668748699541733,0.031001792062897143,0.015000000000000006,0.019166666666666676,0.0055901699437494795,0.04536885862938731,0.014930394055974114,0.018929694486000893,0.021794494717703356,0.0139692121785335,0.010833333333333339,0.033634060117684286,0.05346338310781812,0.009316949906249134,0.021164041832000484,0.030150087525209236,0.029592134840941163,0.012936812246883351,0.017559422921421246,0.042295258468165065,0.02583333333333333,0.0661227814162579,0.031677629681247016,0.027246304540453004,0.041197356981027604,0.01880085695446413,0.1342572158209755,0.035394600969325514,0.04269562819149833,0.03396280645385806,0.0659545297913646
Sp3a3nf1,0.0,0.005000000000000016,0.0,0.016749792701868133,0.009279607271383382,0.012360330811826106,0.008333333333333349,0.00745355992499931,0.00745355992499931,0.0,0.01870828693386971,0.005335936864527377,0.00816496580927727,0.017658016750347578,0.008164965809277279,0.008975274678557493,0.007637626158259754,0.007861650943380512,0.031852524756027324,0.007861650943380519,0.005833333333333348,0.008164965809277279,0.007861650943380519,0.008333333333333349,0.04000867961385936,0.10426994879744703,0.007861650943380519,0.10051602967796838,0.02477678124553085,0.008164965809277279,0.008374896350934096,0.021746647251166498,0.010408329997330667,0.007861650943380519,0.029860788111948183,0.013844373104863472,0.026562295750848716,0.06708721520859577,0.007637626158259752,0.01827642683288442,0.03636237371545238,0.0965228815704684,0.008164965809277279,0.04913134324327891
SU6s1a1A2F8nf1,0.0,0.0,0.008539125638299679,0.01017212967977807,0.033176715395657294,0.03316624790355399,0.011211353372561433,0.011785113019775797,0.020344259359556173,0.01870828693386971,0.0,0.01280190957978102,0.009718253158075509,0.021098314835286926,0.013969212178533507,0.013969212178533507,0.016007810593582132,0.017795130420052197,0.013333333333333324,0.01538848776051617,0.012388390622765397,0.02533114025595109,0.019649710204252675,0.01717960677340693,0.019094065395649312,0.017098570440569328,0.016244657241348274,0.03617089069035118,0.01511529762268089,0.015478479684172266,0.021666666666666657,0.015723301886760993,0.012388390622765415,0.019436506316151004,0.04190763653560053,0.016266017746619284,0.03128054063187243,0.06403666484479374,0.020497289793748062,0.022988523706889523,0.030833333333333345,0.08364940060886403,0.02450906861642125,0.047842333648024434
SO12s2nf1,0.0,0.0,0.0,0.008539125638299666,0.012388390622765425,0.004082482904638616,0.0076829537144107425,0.006236095644623249,0.0062360956446232485,0.005335936864527377,0.01280190957978102,0.0,0.03716517186829626,0.012247448713915896,0.04661455423648999,0.0418661889569349,0.009166666666666682,0.038014982426523486,0.038042374035044416,0.028577380332470433,0.03060727945367825,0.02166666666666667,0.026470633623780982,0.0606045927852557,0.006718548123582142,0.011931517552730293,0.012360330811826092,0.019790570145063194,0.00931694990624912,0.07516648189186455,0.030322342331100417,0.017559422921421246,0.017260262647673323,0.02790111507130535,0.008498365855987972,0.03962497809322914,0.054873592110514416,0.026990224567836087,0.032585357993361916,0.028625940062196098,0.030731814857642956,0.022189211592823922,0.1180983582537125,0.10341394704992381
SU2adj2nf1,0.0,0.0,0.002499999999999991,0.007637626158259741,0.010833333333333334,0.002499999999999991,0.0280004960273524,0.03709035514044648,0.01600781059358213,0.00816496580927727,0.009718253158075509,0.03716517186829626,0.0,0.022499999999999985,0.015567951410224492,0.017260262647673327,0.018652524404666172,0.02081665999466132,0.023288647687470198,0.0935748363610645,0.047696960070847276,0.025399584423546933,0.025603819159562016,0.08836870361037204,0.0,0.006922186552431742,0.011931517552730272,0.011902380714238082,0.023804761428476137,0.06379764015141069,0.01166666666666665,0.017559422921421246,0.021229565338095002,0.05965176722724426,0.10912849205307375,0.020086617988656578,0.03504956807468848,0.03460089915337782,0.04358898943540673,0.02790111507130537,0.05112620550059324,0.03145764348029479,0.11347111722568191,0.06564318531102659
SU5a3A3nf0,0.0,0.0,0.0033333333333333214,0.016158932858054434,0.01040832999733067,0.027888667551135858,0.012909944487358053,0.005335936864527384,0.01668748699541733,0.017658016750347578,0.021098314835286926,0.012247448713915896,0.022499999999999985,0.0,0.0055901699437494795,0.033911649915626334,0.005527707983925673,0.029999999999999992,0.0868467679946186,0.03083333333333332,0.010034662148993576,0.012360330811826099,0.027398803704622648,0.017260262647673323,0.045345892868042637,0.047645974529742674,0.012247448713915896,0.05259911279353167,0.02179449471770337,0.029592134840941167,0.008975274678557504,0.017559422921421246,0.050173310744967906,0.01674979270186816,0.03313482558678507,0.018708286933869698,0.02744944848666767,0.04670385423067351,0.010573814617041249,0.041866188956934884,0.035746017649212015,0.046067583203617514,0.021343747458109488,0.09234972778640024
SU5s1S1a2A2nf1,0.0,0.0,0.0,0.01178511301977579,0.013667682889047275,0.006922186552431733,0.03167762968124702,0.02273030282830977,0.031001792062897143,0.008164965809277279,0.013969212178533507,0.04661455423648999,0.015567951410224492,0.0055901699437494795,0.0,0.033166247903554,0.020899893673307416,0.01527525231651948,0.031402406135694616,0.01547847968417224,0.08452892338654791,0.021554195260629277,0.016770509831248424,0.027386127875258306,0.0062360956446232485,0.041340389182708215,0.02147349787787521,0.016244657241348246,0.028431203515386635,0.024846752526459293,0.03731435529539684,0.017559422921421246,0.029639032072964557,0.012801909579781006,0.015456030825826163,0.021081851067789207,0.06411794687223782,0.03400367627183861,0.09332217195167385,0.02358495283014151,0.14027750275000544,0.060259853965969765,0.03790521805181386,0.08781688650570318
SU7a2A2nf1,0.0,0.0075000000000000075,0.0075000000000000075,0.015456030825826169,0.010573814617041275,0.025289984842489167,0.01699673171197596,0.05530220007679018,0.015000000000000006,0.008975274678557493,0.013969212178533507,0.0418661889569349,0.017260262647673327,0.033911649915626334,0.033166247903554,0.0,0.021746647251166484,0.024166666666666677,0.046844897741850654,0.04167499916683329,0.028247418761130478,0.05302646089977678,0.033551370231995635,0.042663085787234024,0.11463710859345096,0.0318525247560273,0.04958858515603947,0.06780793955479451,0.05567764362830024,0.04969350505291859,0.0378226857263674,0.017559422921421246,0.03431876713662333,0.02370243775554648,0.06992555565266059,0.07639444424243895,0.03805150018943626,0.06449052471315284,0.07149689192933882,0.03068658773253662,0.07923681103011543,0.09818137976894262,0.08283182426526119,0.08756346904452286
SU2adj1nf2,0.0,0.0,0.0,0.011211353372561413,0.006236095644623253,0.008498365855987986,0.026140645235596848,0.01674979270186816,0.019166666666666676,0.007637626158259754,0.016007810593582132,0.009166666666666682,0.018652524404666172,0.005527707983925673,0.020899893673307416,0.021746647251166484,0.0,0.015567951410224504,0.03122498999199198,0.021147629234082525,0.009279607271383383,0.020429417786885434,0.04537651130020661,0.01818118685772619,0.01916666666666667,0.062477773825755215,0.057379099950340025,0.021424933553637407,0.062025980219761336,0.05096294950473551,0.029592134840941173,0.017559422921421246,0.06583333333333334,0.09812124019690018,0.03675179511866658,0.046315644105300854,0.03746294465498169,0.0193649167310371,0.027436796055257208,0.1219744964235466,0.028382310609877358,0.031280540631872446,0.042728145810980896,0.075
SU5s1S1a1A1nf1,0.0,0.0,0.002499999999999991,0.008539125638299666,0.010833333333333342,0.0058333333333333475,0.0033333333333333214,0.01261062162535129,0.0055901699437494795,0.007861650943380512,0.017795130420052197,0.038014982426523486,0.02081665999466132,0.029999999999999992,0.01527525231651948,0.024166666666666677,0.015567951410224504,0.0,0.026087459737497553,0.05439056290693574,0.028879539085272424,0.023213980461973538,0.05419230162629703,0.08959786703810409,0.035755729921541565,0.0631631485387907,0.020564937798755102,0.01987810073646092,0.03321855237999125,0.03295619988880867,0.03685557397915997,0.017559422921421246,0.02522124325070258,0.06563789555838405,0.054797607409245344,0.02915475947422652,0.04190763653560053,0.03162277660168381,0.03614208073700238,0.0692218655243173,0.052367557811216575,0.03206980234148977,0.08337082489962805,0.06322358912796887
SO5nf5,0.0,0.043628800375694735,0.0,0.012801909579781003,0.008333333333333349,0.006922186552431733,0.02527625148017184,0.028975564417856176,0.04536885862938731,0.031852524756027324,0.013333333333333324,0.038042374035044416,0.023288647687470198,0.0868467679946186,0.031402406135694616,0.046844897741850654,0.03122498999199198,0.026087459737497553,0.0,0.023921166824012203,0.025069348260818875,0.017559422921421233,0.024224069756247715,0.02512468905280222,0.05066228051190221,0.06463573143221772,0.021666666666666674,0.14269479862824558,0.11286668635558009,0.025221243250702602,0.03037954355593029,0.01900292375165231,0.08819171036881969,0.031001792062897122,0.04252450274057691,0.06679674809117249,0.06189148209209046,0.059283921372774696,0.0541602560309064,0.06278269400612455,0.049469406932186114,0.0412394767721954,0.04440970864824743,0.10333333333333335
Sp2s2nf1,0.0,0.0,0.0,0.007637626158259741,0.011055415967851343,0.005527707983925673,0.01181453906563152,0.028185890875479604,0.014930394055974114,0.007861650943380519,0.01538848776051617,0.028577380332470433,0.0935748363610645,0.03083333333333332,0.01547847968417224,0.04167499916683329,0.021147629234082525,0.05439056290693574,0.023921166824012203,0.0,0.01224744871391588,0.02714416245817055,0.07284401142166733,0.12824672402140425,0.0,0.04755114205895704,0.027182510717166822,0.018181186857726184,0.03135814620371128,0.02814890959009091,0.036704525909242065,0.017559422921421246,0.022988523706889523,0.045368858629387325,0.037090355140446486,0.029154759474226508,0.03363406011768427,0.03193961316122801,0.03671398461985114,0.045863626352723376,0.06241104781117593,0.037537018765184026,0.12599878747211993,0.06873863542433759
SU4s1S1a2A2nf1,0.0,0.006666666666666687,0.006666666666666687,0.007637626158259741,0.015723301886761017,0.011666666666666676,0.020155644370746375,0.00849836585598798,0.018929694486000893,0.005833333333333348,0.012388390622765397,0.03060727945367825,0.047696960070847276,0.010034662148993576,0.08452892338654791,0.028247418761130478,0.009279607271383383,0.028879539085272424,0.025069348260818875,0.01224744871391588,0.0,0.11984075081355071,0.009860132971832677,0.06831808773019858,0.012047360245667464,0.007264831572567791,0.014457792977414544,0.01726026264767331,0.043373378932243675,0.030731814857642963,0.026925824035672518,0.017559422921421246,0.03855911767086424,0.023033791601808736,0.028431203515386635,0.011666666666666665,0.04169998667732269,0.029825883613622147,0.039756201472921866,0.0521016634411353,0.11992184955211455,0.11365151414154881,0.035560980488919765,0.07566372975210779
SU2adj1nf3,0.0,0.0,0.0033333333333333214,0.007637626158259741,0.014337208778404395,0.009166666666666684,0.025055493963954838,0.025873624493766696,0.021794494717703356,0.008164965809277279,0.02533114025595109,0.02166666666666667,0.025399584423546933,0.012360330811826099,0.021554195260629277,0.05302646089977678,0.020429417786885434,0.023213980461973538,0.017559422921421233,0.02714416245817055,0.11984075081355071,0.0,0.024452334585202,0.027751376342244508,0.023213980461973545,0.012909944487358055,0.024152294576982383,0.05393540375094803,0.05618051263561058,0.15161400184532942,0.0210818510677892,0.017559422921421246,0.016687486995417312,0.02714416245817055,0.04090130397269343,0.037277115410575073,0.02449489742783178,0.020000000000000018,0.10005554013202421,0.049784256770812815,0.059913131560062304,0.15109783438406904,0.16109219237580832,0.10808946911393974
Sp2adj1nf1,0.0,0.0,0.0,0.008539125638299666,0.008498365855987986,0.002499999999999991,0.025671536334582263,0.026666666666666658,0.0139692121785335,0.007861650943380519,0.019649710204252675,0.026470633623780982,0.025603819159562016,0.027398803704622648,0.016770509831248424,0.033551370231995635,0.04537651130020661,0.05419230162629703,0.024224069756247715,0.07284401142166733,0.009860132971832677,0.024452334585202,0.0,0.1384462390645232,0.017480147469502532,0.06646323127196806,0.0599131315600623,0.01916666666666664,0.03253203549323856,0.0529937103186155,0.023993633414813278,0.017559422921421246,0.020000000000000007,0.08573619098399722,0.027080128015453203,0.09716823898098938,0.03859512058969804,0.03162277660168381,0.026404965862924755,0.045643546458763846,0.03265986323710902,0.026614532371118868,0.10433652817259692,0.06902596129959605
SU6s2S2nf1,0.0,0.0,0.005000000000000016,0.008539125638299666,0.010833333333333342,0.006666666666666682,0.005335936864527384,0.010408329997330667,0.010833333333333339,0.008333333333333349,0.01717960677340693,0.0606045927852557,0.08836870361037204,0.017260262647673323,0.027386127875258306,0.042663085787234024,0.01818118685772619,0.08959786703810409,0.02512468905280222,0.12824672402140425,0.06831808773019858,0.027751376342244508,0.1384462390645232,0.0,0.0075000000000000075,0.03597838857487151,0.02981423969999721,0.01872683754520352,0.01356568383008309,0.08806957476904269,0.05785518319236594,0.017559422921421246,0.021408720964441876,0.08451249085851814,0.00931694990624912,0.04510019709244935,0.054237133650909944,0.02576604138956718,0.04475240527365851,0.0439696865275764,0.06336073968423453,0.033426951866885955,0.05362550181065389,0.08778129388175795
Sp5a3nf1,0.0,0.0,0.0,0.01600781059358213,0.008539125638299679,0.020564937798755102,0.0,0.0,0.033634060117684286,0.04000867961385936,0.019094065395649312,0.006718548123582142,0.0,0.045345892868042637,0.0062360956446232485,0.11463710859345096,0.01916666666666667,0.035755729921541565,0.05066228051190221,0.0,0.012047360245667464,0.023213980461973545,0.017480147469502532,0.0075000000000000075,0.0,0.07420411039827915,0.03656235161413384,0.05139714648369758,0.1144916299706373,0.009895285072531587,0.062188110689352115,0.017559422921421246,0.08864724097981469,0.015898986690282436,0.08986486768723605,0.11620145342368905,0.02863806712906598,0.09944638421447677,0.03563900796723849,0.05553402360515379,0.03934357211370958,0.07253351715662983,0.04426090574963167,0.06697843765803373
Sp4a3nf0,0.0,0.0,0.0,0.01929306150465038,0.00849836585598799,0.006922186552431741,0.017400510848184256,0.007453559924999309,0.05346338310781812,0.10426994879744703,0.017098570440569328,0.011931517552730293,0.006922186552431742,0.047645974529742674,0.041340389182708215,0.0318525247560273,0.062477773825755215,0.0631631485387907,0.06463573143221772,0.04755114205895704,0.007264831572567791,0.012909944487358055,0.06646323127196806,0.03597838857487151,0.07420411039827915,0.0,0.033706247360261135,0.05944768942337269,0.09818137976894263,0.007861650943380519,0.04021642837337884,0.017969882210706535,0.1141879542197376,0.00837489635093409,0.05944768942337268,0.09567015092377444,0.025766041389567184,0.05503155660366353,0.00946484724300044,0.09805044053388484,0.08283601605313691,0.08260094833999584,0.06427480066091222,0.06950219820664348
SO5adj1nf2,0.0,0.0,0.0,0.008539125638299666,0.010000000000000009,0.0065085413965888924,0.01892969448600091,0.006922186552431734,0.009316949906249134,0.007861650943380519,0.016244657241348274,0.012360330811826092,0.011931517552730272,0.012247448713915896,0.02147349787787521,0.04958858515603947,0.057379099950340025,0.020564937798755102,0.021666666666666674,0.027182510717166822,0.014457792977414544,0.024152294576982383,0.0599131315600623,0.02981423969999721,0.03656235161413384,0.033706247360261135,0.0,0.017795130420052176,0.04179978734661485,0.031012990109880668,0.14084072958881996,0.017559422921421246,0.01755942292142124,0.07602996485304697,0.01699673171197596,0.05338539126015657,0.03969501787938183,0.0193649167310371,0.020749832663314552,0.07826681572955707,0.03027650354097491,0.035443617196894574,0.06747427493332386,0.09874560468418046
SU3adj1nf4,0.0,0.0,0.005000000000000016,0.018181186857726187,0.0066666666666666905,0.018047006523089756,0.014930394055974107,0.011814539065631522,0.021164041832000484,0.10051602967796838,0.03617089069035118,0.019790570145063194,0.011902380714238082,0.05259911279353167,0.016244657241348246,0.06780793955479451,0.021424933553637407,0.01987810073646092,0.14269479862824558,0.018181186857726184,0.01726026264767331,0.05393540375094803,0.01916666666666664,0.01872683754520352,0.05139714648369758,0.05944768942337269,0.017795130420052176,0.0,0.10799948559548277,0.01929306150465037,0.0241522945769824,0.017969882210706535,0.12315584075110328,0.027638539919628308,0.05819030083365364,0.0281365716935569,0.03641008712492247,0.06349212549600149,0.03128054063187243,0.07170541588099652,0.07006445445286631,0.03074311124282785,0.01842778698957998,0.10668294146675936
SU3adj1nf3,0.0,0.0,0.0,0.011055415967851317,0.008539125638299679,0.013540064007726598,0.026299556396765806,0.009464847243000465,0.030150087525209236,0.02477678124553085,0.01511529762268089,0.00931694990624912,0.023804761428476137,0.02179449471770337,0.028431203515386635,0.05567764362830024,0.062025980219761336,0.03321855237999125,0.11286668635558009,0.03135814620371128,0.043373378932243675,0.05618051263561058,0.03253203549323856,0.01356568383008309,0.1144916299706373,0.09818137976894263,0.04179978734661485,0.10799948559548277,0.0,0.04488411003165077,0.07993486932079974,0.017559422921421246,0.06420453428086073,0.025013885033006066,0.10001735960433178,0.07490735018081411,0.03940530139178964,0.06942221866552843,0.0441037287413308,0.076630426217151,0.03254270698294439,0.10000347216194269,0.05099700426931413,0.07172962351001773
SU3adj2nf2,0.0,0.0,0.0,0.008539125638299666,0.014813657362192645,0.0055901699437494795,0.010671873729054752,0.0931844049899624,0.029592134840941163,0.008164965809277279,0.015478479684172266,0.07516648189186455,0.06379764015141069,0.029592134840941167,0.024846752526459293,0.04969350505291859,0.05096294950473551,0.03295619988880867,0.025221243250702602,0.02814890959009091,0.030731814857642963,0.15161400184532942,0.0529937103186155,0.08806957476904269,0.009895285072531587,0.007861650943380519,0.031012990109880668,0.01929306150465037,0.04488411003165077,0.0,0.028927591596182974,0.017559422921421246,0.0454606056566195,0.021147629234082557,0.06728876412728783,0.04310839052125856,0.0536255018106539,0.02959213484094117,0.027131367660166165,0.06427480066091223,0.12660360272212723,0.0824789535443908,0.03894440481849309,0.09233092656309695
Sp4s1a1nf1,0.0,0.0,0.0,0.008539125638299666,0.01057381461704126,0.008164965809277279,0.010172129679778086,0.02206367049145622,0.012936812246883351,0.008374896350934096,0.021666666666666657,0.030322342331100417,0.01166666666666665,0.008975274678557504,0.03731435529539684,0.0378226857263674,0.029592134840941173,0.03685557397915997,0.03037954355593029,0.036704525909242065,0.026925824035672518,0.0210818510677892,0.023993633414813278,0.05785518319236594,0.062188110689352115,0.04021642837337884,0.14084072958881996,0.0241522945769824,0.07993486932079974,0.028927591596182974,0.0,0.017559422921421246,0.10199741282121924,0.06782841915041546,0.11162001513070036,0.0685970520908556,0.04681523968396047,0.0207665596572952,0.031633754826837175,0.0782845592835664,0.04183300132670377,0.08100497241253499,0.03544361719689457,0.05354774608805781
SU3nf6,0.017559422921421246,0.017559422921421246,0.017969882210706535,0.02211083193570267,0.017559422921421246,0.017559422921421246,0.017559422921421246,0.017559422921421246,0.017559422921421246,0.021746647251166498,0.015723301886760993,0.017559422921421246,0.017559422921421246,0.017559422921421246,0.017559422921421246,0.017559422921421246,0.017559422921421246,0.017559422921421246,0.01900292375165231,0.017559422921421246,0.017559422921421246,0.017559422921421246,0.017559422921421246,0.017559422921421246,0.017559422921421246,0.017969882210706535,0.017559422921421246,0.017969882210706535,0.017559422921421246,0.017559422921421246,0.017559422921421246,0.0,0.017559422921421246,0.017559422921421246,0.017559422921421246,0.017559422921421246,0.017559422921421246,0.065431261641512,0.017559422921421246,0.017559422921421246,0.03015008752520925,0.021554195260629287,0.017559422921421246,0.03396280645385805
Sp2s1a1nf2,0.0,0.0,0.0,0.009718253158075485,0.015275252316519477,0.008498365855987995,0.0172602626476733,0.030057814661452385,0.042295258468165065,0.010408329997330667,0.012388390622765415,0.017260262647673323,0.021229565338095002,0.050173310744967906,0.029639032072964557,0.03431876713662333,0.06583333333333334,0.02522124325070258,0.08819171036881969,0.022988523706889523,0.03855911767086424,0.016687486995417312,0.020000000000000007,0.021408720964441876,0.08864724097981469,0.1141879542197376,0.01755942292142124,0.12315584075110328,0.06420453428086073,0.0454606056566195,0.10199741282121924,0.017559422921421246,0.0,0.060489898146531704,0.07444237144709097,0.08804985961248193,0.04107073843450535,0.052678268764263715,0.03693086634360057,0.03785938897200182,0.031135902820449007,0.12604011707036417,0.040901303972693426,0.08417904199449594
SU4adj2a1A1nf0,0.0,0.0,0.0,0.008539125638299666,0.007264831572567807,0.007637626158259736,0.026990224567836087,0.03535533905932737,0.02583333333333333,0.007861650943380519,0.019436506316151004,0.02790111507130535,0.05965176722724426,0.01674979270186816,0.012801909579781006,0.02370243775554648,0.09812124019690018,0.06563789555838405,0.031001792062897122,0.045368858629387325,0.023033791601808736,0.02714416245817055,0.08573619098399722,0.08451249085851814,0.015898986690282436,0.00837489635093409,0.07602996485304697,0.027638539919628308,0.025013885033006066,0.021147629234082557,0.06782841915041546,0.017559422921421246,0.060489898146531704,0.0,0.08025999418556337,0.11075498483890765,0.04760952285695234,0.04898979485566357,0.04922313141874119,0.13301002468485848,0.039166666666666676,0.03641008712492244,0.04437842318564781,0.05802896786184561
SU5adj1a2A2nf1,0.0,0.0,0.0,0.018276426832884426,0.01455354099714416,0.023584952830141493,0.013540064007726605,0.009166666666666674,0.0661227814162579,0.029860788111948183,0.04190763653560053,0.008498365855987972,0.10912849205307375,0.03313482558678507,0.015456030825826163,0.06992555565266059,0.03675179511866658,0.054797607409245344,0.04252450274057691,0.037090355140446486,0.028431203515386635,0.04090130397269343,0.027080128015453203,0.00931694990624912,0.08986486768723605,0.05944768942337268,0.01699673171197596,0.05819030083365364,0.10001735960433178,0.06728876412728783,0.11162001513070036,0.017559422921421246,0.07444237144709097,0.08025999418556337,0.0,0.05715476066494083,0.035978388574871505,0.026404965862924772,0.03723051317281447,0.051295711321707974,0.0486198404860494,0.07977398629182879,0.06772083217970015,0.0670250782253263
SU3adj1nf2,0.0,0.0,0.0,0.008374896350934084,0.008539125638299679,0.008333333333333349,0.04437842318564781,0.03492054473292827,0.031677629681247016,0.013844373104863472,0.016266017746619284,0.03962497809322914,0.020086617988656578,0.018708286933869698,0.021081851067789207,0.07639444424243895,0.046315644105300854,0.02915475947422652,0.06679674809117249,0.029154759474226508,0.011666666666666665,0.037277115410575073,0.09716823898098938,0.04510019709244935,0.11620145342368905,0.09567015092377444,0.05338539126015657,0.0281365716935569,0.07490735018081411,0.04310839052125856,0.0685970520908556,0.017559422921421246,0.08804985961248193,0.11075498483890765,0.05715476066494083,0.0,0.02539958442354695,0.03162277660168381,0.03037954355593029,0.0813471641245785,0.0376755151848577,0.11066716867356018,0.061711695271912066,0.05457538110010979
SU7s1S2a1f8nf0,0.023935677693908454,0.025617376914899008,0.030287969742310416,0.0167705098312484,0.020682789409984758,0.02539958442354696,0.03370624736026114,0.041965594373380564,0.027246304540453004,0.026562295750848716,0.03128054063187243,0.054873592110514416,0.03504956807468848,0.02744944848666767,0.06411794687223782,0.03805150018943626,0.03746294465498169,0.04190763653560053,0.06189148209209046,0.03363406011768427,0.04169998667732269,0.02449489742783178,0.03859512058969804,0.054237133650909944,0.02863806712906598,0.025766041389567184,0.03969501787938183,0.03641008712492247,0.03940530139178964,0.0536255018106539,0.04681523968396047,0.017559422921421246,0.04107073843450535,0.04760952285695234,0.035978388574871505,0.02539958442354695,0.0,0.03083333333333333,0.12319812408384218,0.021081851067789207,0.12795398478446157,0.053883877201090696,0.0930352382463524,0.04381146476031639
Sp2adj1a2nf4,0.0580289678618456,0.025887040945015125,0.026562295750848713,0.06034622330077223,0.0566421515598881,0.052678268764263715,0.031180478223116186,0.030607279453678273,0.041197356981027604,0.06708721520859577,0.06403666484479374,0.026990224567836087,0.03460089915337782,0.04670385423067351,0.03400367627183861,0.06449052471315284,0.0193649167310371,0.03162277660168381,0.059283921372774696,0.03193961316122801,0.029825883613622147,0.020000000000000018,0.03162277660168381,0.02576604138956718,0.09944638421447677,0.05503155660366353,0.0193649167310371,0.06349212549600149,0.06942221866552843,0.02959213484094117,0.0207665596572952,0.065431261641512,0.052678268764263715,0.04898979485566357,0.026404965862924772,0.03162277660168381,0.03083333333333333,0.0,0.04916666666666667,0.03891764809611874,0.03560001560548971,0.04349329450233296,0.019525624189766645,0.06879922480183431
Sp2adj2nf2,0.0,0.0,0.0,0.007637626158259741,0.015898986690282436,0.013333333333333336,0.017179606773406925,0.08351646544245032,0.01880085695446413,0.007637626158259752,0.020497289793748062,0.032585357993361916,0.04358898943540673,0.010573814617041249,0.09332217195167385,0.07149689192933882,0.027436796055257208,0.03614208073700238,0.0541602560309064,0.03671398461985114,0.039756201472921866,0.10005554013202421,0.026404965862924755,0.04475240527365851,0.03563900796723849,0.00946484724300044,0.020749832663314552,0.03128054063187243,0.0441037287413308,0.027131367660166165,0.031633754826837175,0.017559422921421246,0.03693086634360057,0.04922313141874119,0.03723051317281447,0.03037954355593029,0.12319812408384218,0.04916666666666667,0.0,0.06009829910700929,0.11559327642884579,0.09106240229156658,0.040731164699499785,0.0738993309246512
SU4adj1a2A2nf1,0.0,0.0,0.0,0.01017212967977807,0.008539125638299679,0.02334820954353651,0.04643543905251677,0.03652434500135188,0.1342572158209755,0.01827642683288442,0.022988523706889523,0.028625940062196098,0.02790111507130537,0.041866188956934884,0.02358495283014151,0.03068658773253662,0.1219744964235466,0.0692218655243173,0.06278269400612455,0.045863626352723376,0.0521016634411353,0.049784256770812815,0.045643546458763846,0.0439696865275764,0.05553402360515379,0.09805044053388484,0.07826681572955707,0.07170541588099652,0.076630426217151,0.06427480066091223,0.0782845592835664,0.017559422921421246,0.03785938897200182,0.13301002468485848,0.051295711321707974,0.0813471641245785,0.021081851067789207,0.03891764809611874,0.06009829910700929,0.0,0.03926406329796582,0.09846389637267504,0.06006940430313364,0.05857687256929991
SU6adj1s1A1F8nf1,0.014813657362192645,0.0,0.013944333775567922,0.015478479684172269,0.03800584750330461,0.03338537604001688,0.0213437474581095,0.028577380332470412,0.035394600969325514,0.03636237371545238,0.030833333333333345,0.030731814857642956,0.05112620550059324,0.035746017649212015,0.14027750275000544,0.07923681103011543,0.028382310609877358,0.052367557811216575,0.049469406932186114,0.06241104781117593,0.11992184955211455,0.059913131560062304,0.03265986323710902,0.06336073968423453,0.03934357211370958,0.08283601605313691,0.03027650354097491,0.07006445445286631,0.03254270698294439,0.12660360272212723,0.04183300132670377,0.03015008752520925,0.031135902820449007,0.039166666666666676,0.0486198404860494,0.0376755151848577,0.12795398478446157,0.03560001560548971,0.11559327642884579,0.03926406329796582,0.0,0.06930207628763929,0.09061901321221477,0.06561673228343179
SU5adj1s1A1F8nf0,0.01003466214899359,0.02838231060987734,0.027131367660166182,0.010671873729054746,0.0683180877301986,0.04479118216792231,0.019166666666666683,0.03465103814381966,0.04269562819149833,0.0965228815704684,0.08364940060886403,0.022189211592823922,0.03145764348029479,0.046067583203617514,0.060259853965969765,0.09818137976894262,0.031280540631872446,0.03206980234148977,0.0412394767721954,0.037537018765184026,0.11365151414154881,0.15109783438406904,0.026614532371118868,0.033426951866885955,0.07253351715662983,0.08260094833999584,0.035443617196894574,0.03074311124282785,0.10000347216194269,0.0824789535443908,0.08100497241253499,0.021554195260629287,0.12604011707036417,0.03641008712492244,0.07977398629182879,0.11066716867356018,0.053883877201090696,0.04349329450233296,0.09106240229156658,0.09846389637267504,0.06930207628763929,0.0,0.1501850710142508,0.07169088738001038
SU4adj2a1A1nf1,0.0,0.0,0.0,0.008539125638299666,0.011055415967851335,0.007861650943380519,0.02114762923408254,0.09926465746791362,0.03396280645385806,0.008164965809277279,0.02450906861642125,0.1180983582537125,0.11347111722568191,0.021343747458109488,0.03790521805181386,0.08283182426526119,0.042728145810980896,0.08337082489962805,0.04440970864824743,0.12599878747211993,0.035560980488919765,0.16109219237580832,0.10433652817259692,0.05362550181065389,0.04426090574963167,0.06427480066091222,0.06747427493332386,0.01842778698957998,0.05099700426931413,0.03894440481849309,0.03544361719689457,0.017559422921421246,0.040901303972693426,0.04437842318564781,0.06772083217970015,0.061711695271912066,0.0930352382463524,0.019525624189766645,0.040731164699499785,0.06006940430313364,0.09061901321221477,0.1501850710142508,0.0,0.12280291346525765
SU8s1S2a1f8nf1,0.03231786571610886,0.021164041832000487,0.10782251362514436,0.05374838498865701,0.041028445416970566,0.05294126724756199,0.06521332515504617,0.08890147480341495,0.0659545297913646,0.04913134324327891,0.047842333648024434,0.10341394704992381,0.06564318531102659,0.09234972778640024,0.08781688650570318,0.08756346904452286,0.075,0.06322358912796887,0.10333333333333335,0.06873863542433759,0.07566372975210779,0.10808946911393974,0.06902596129959605,0.08778129388175795,0.06697843765803373,0.06950219820664348,0.09874560468418046,0.10668294146675936,0.07172962351001773,0.09233092656309695,0.05354774608805781,0.03396280645385805,0.08417904199449594,0.05802896786184561,0.0670250782253263,0.05457538110010979,0.04381146476031639,0.06879922480183431,0.0738993309246512,0.05857687256929991,0.06561673228343179,0.07169088738001038,0.12280291346525765,0.0
